onset	duration	RECORDING_SESSION_LABEL	CURRENT_FIX_ADJUSTED	CURRENT_FIX_INTEREST_AREA_ID	CURRENT_FIX_START	SentenceID	SentenceRT	TRUEOffset	TRUEOnset
#VALUE!	87	S33_2	FALSE	.	7	.	.	.	.
9558	185	S33_2	FALSE	.	0	t.02.01	4498	14056	9558
9763	249	S33_2	FALSE	2	205	t.02.01	4498	14056	9558
10031	198	S33_2	FALSE	3	473	t.02.01	4498	14056	9558
10247	258	S33_2	FALSE	3	689	t.02.01	4498	14056	9558
10529	240	S33_2	FALSE	4	971	t.02.01	4498	14056	9558
10791	404	S33_2	FALSE	5	1233	t.02.01	4498	14056	9558
11222	337	S33_2	FALSE	6	1664	t.02.01	4498	14056	9558
11580	161	S33_2	FALSE	7	2022	t.02.01	4498	14056	9558
11764	229	S33_2	FALSE	8	2206	t.02.01	4498	14056	9558
12015	284	S33_2	FALSE	9	2457	t.02.01	4498	14056	9558
12322	235	S33_2	FALSE	10	2764	t.02.01	4498	14056	9558
12576	455	S33_2	FALSE	10	3018	t.02.01	4498	14056	9558
13049	348	S33_2	FALSE	10	3491	t.02.01	4498	14056	9558
13558	140	S33_2	FALSE	3	4000	t.02.01	4498	14056	9558
13733	258	S33_2	FALSE	.	4175	t.02.01	4498	14056	9558
14004	152	S33_2	FALSE	1	4446	t.02.01	4498	14056	9558
#VALUE!	89	S33_2	FALSE	.	7	.	.	.	.
15630	189	S33_2	FALSE	.	0	t.02.02	4886	20516	15630
15840	210	S33_2	FALSE	1	210	t.02.02	4886	20516	15630
16069	241	S33_2	FALSE	1	439	t.02.02	4886	20516	15630
16334	215	S33_2	FALSE	2	704	t.02.02	4886	20516	15630
16569	185	S33_2	FALSE	3	939	t.02.02	4886	20516	15630
16775	320	S33_2	FALSE	4	1145	t.02.02	4886	20516	15630
17115	287	S33_2	FALSE	5	1485	t.02.02	4886	20516	15630
17425	261	S33_2	FALSE	6	1795	t.02.02	4886	20516	15630
17709	231	S33_2	FALSE	8	2079	t.02.02	4886	20516	15630
17962	314	S33_2	FALSE	8	2332	t.02.02	4886	20516	15630
18300	263	S33_2	FALSE	10	2670	t.02.02	4886	20516	15630
18586	220	S33_2	FALSE	9	2956	t.02.02	4886	20516	15630
18827	276	S33_2	FALSE	10	3197	t.02.02	4886	20516	15630
19116	309	S33_2	FALSE	10	3486	t.02.02	4886	20516	15630
19435	266	S33_2	FALSE	10	3805	t.02.02	4886	20516	15630
19768	224	S33_2	FALSE	6	4138	t.02.02	4886	20516	15630
20041	200	S33_2	FALSE	1	4411	t.02.02	4886	20516	15630
20260	353	S33_2	FALSE	1	4630	t.02.02	4886	20516	15630
#VALUE!	87	S33_2	FALSE	.	7	.	.	.	.
22052	194	S33_2	FALSE	1	0	t.02.03	3971	26023	22052
22268	190	S33_2	FALSE	2	216	t.02.03	3971	26023	22052
22479	242	S33_2	FALSE	2	427	t.02.03	3971	26023	22052
22744	246	S33_2	FALSE	3	692	t.02.03	3971	26023	22052
23012	151	S33_2	FALSE	4	960	t.02.03	3971	26023	22052
23189	331	S33_2	FALSE	5	1137	t.02.03	3971	26023	22052
23546	288	S33_2	FALSE	7	1494	t.02.03	3971	26023	22052
23859	182	S33_2	FALSE	7	1807	t.02.03	3971	26023	22052
24062	579	S33_2	FALSE	8	2010	t.02.03	3971	26023	22052
24660	185	S33_2	FALSE	9	2608	t.02.03	3971	26023	22052
24863	183	S33_2	FALSE	10	2811	t.02.03	3971	26023	22052
25197	258	S33_2	FALSE	7	3145	t.02.03	3971	26023	22052
25465	107	S33_2	FALSE	7	3413	t.02.03	3971	26023	22052
25596	271	S33_2	FALSE	7	3544	t.02.03	3971	26023	22052
25928	177	S33_2	FALSE	2	3876	t.02.03	3971	26023	22052
#VALUE!	87	S33_2	FALSE	.	7	.	.	.	.
27590	226	S33_2	FALSE	1	0	t.02.04	4453	32043	27590
27836	354	S33_2	FALSE	2	246	t.02.04	4453	32043	27590
28212	148	S33_2	FALSE	2	622	t.02.04	4453	32043	27590
28379	227	S33_2	FALSE	3	789	t.02.04	4453	32043	27590
28628	221	S33_2	FALSE	5	1038	t.02.04	4453	32043	27590
28873	418	S33_2	FALSE	7	1283	t.02.04	4453	32043	27590
29314	158	S33_2	FALSE	7	1724	t.02.04	4453	32043	27590
29489	208	S33_2	FALSE	8	1899	t.02.04	4453	32043	27590
29718	527	S33_2	FALSE	9	2128	t.02.04	4453	32043	27590
30271	572	S33_2	FALSE	10	2681	t.02.04	4453	32043	27590
30980	475	S33_2	FALSE	9	3390	t.02.04	4453	32043	27590
31480	337	S33_2	FALSE	10	3890	t.02.04	4453	32043	27590
31862	125	S33_2	FALSE	4	4272	t.02.04	4453	32043	27590
32024	116	S33_2	FALSE	2	4434	t.02.04	4453	32043	27590
#VALUE!	87	S33_2	FALSE	.	7	.	.	.	.
33594	184	S33_2	FALSE	.	0	t.02.05	4964	38558	33594
33803	571	S33_2	FALSE	2	209	t.02.05	4964	38558	33594
34398	169	S33_2	FALSE	2	804	t.02.05	4964	38558	33594
34589	417	S33_2	FALSE	3	995	t.02.05	4964	38558	33594
35040	429	S33_2	FALSE	4	1446	t.02.05	4964	38558	33594
35492	362	S33_2	FALSE	5	1898	t.02.05	4964	38558	33594
35878	336	S33_2	FALSE	6	2284	t.02.05	4964	38558	33594
36236	187	S33_2	FALSE	7	2642	t.02.05	4964	38558	33594
36445	240	S33_2	FALSE	8	2851	t.02.05	4964	38558	33594
36709	217	S33_2	FALSE	9	3115	t.02.05	4964	38558	33594
36947	784	S33_2	FALSE	10	3353	t.02.05	4964	38558	33594
37844	220	S33_2	FALSE	6	4250	t.02.05	4964	38558	33594
38086	214	S33_2	FALSE	8	4492	t.02.05	4964	38558	33594
38352	311	S33_2	FALSE	2	4758	t.02.05	4964	38558	33594
#VALUE!	64	S33_2	FALSE	.	29	.	.	.	.
40116	214	S33_2	FALSE	.	0	t.02.06	4458	44574	40116
40345	162	S33_2	FALSE	1	229	t.02.06	4458	44574	40116
40531	200	S33_2	FALSE	4	415	t.02.06	4458	44574	40116
40754	391	S33_2	FALSE	5	638	t.02.06	4458	44574	40116
41164	179	S33_2	FALSE	5	1048	t.02.06	4458	44574	40116
41362	199	S33_2	FALSE	7	1246	t.02.06	4458	44574	40116
41583	278	S33_2	FALSE	7	1467	t.02.06	4458	44574	40116
41889	255	S33_2	FALSE	8	1773	t.02.06	4458	44574	40116
42166	326	S33_2	FALSE	9	2050	t.02.06	4458	44574	40116
42516	205	S33_2	FALSE	10	2400	t.02.06	4458	44574	40116
42741	588	S33_2	FALSE	10	2625	t.02.06	4458	44574	40116
43456	249	S33_2	FALSE	10	3340	t.02.06	4458	44574	40116
43714	273	S33_2	FALSE	10	3598	t.02.06	4458	44574	40116
44041	173	S33_2	FALSE	.	3925	t.02.06	4458	44574	40116
44244	422	S33_2	FALSE	2	4128	t.02.06	4458	44574	40116
#VALUE!	87	S33_2	FALSE	.	7	.	.	.	.
46105	178	S33_2	FALSE	1	0	t.02.07	5302	51407	46105
46303	281	S33_2	FALSE	1	198	t.02.07	5302	51407	46105
46609	275	S33_2	FALSE	2	504	t.02.07	5302	51407	46105
46908	261	S33_2	FALSE	3	803	t.02.07	5302	51407	46105
47191	306	S33_2	FALSE	4	1086	t.02.07	5302	51407	46105
47524	478	S33_2	FALSE	5	1419	t.02.07	5302	51407	46105
48023	364	S33_2	FALSE	5	1918	t.02.07	5302	51407	46105
48412	236	S33_2	FALSE	6	2307	t.02.07	5302	51407	46105
48671	292	S33_2	FALSE	7	2566	t.02.07	5302	51407	46105
48984	615	S33_2	FALSE	8	2879	t.02.07	5302	51407	46105
49624	253	S33_2	FALSE	10	3519	t.02.07	5302	51407	46105
50018	155	S33_2	FALSE	1	3913	t.02.07	5302	51407	46105
50193	376	S33_2	FALSE	1	4088	t.02.07	5302	51407	46105
50600	613	S33_2	FALSE	4	4495	t.02.07	5302	51407	46105
51256	186	S33_2	FALSE	1	5151	t.02.07	5302	51407	46105
51459	34	S33_2	FALSE	1	5354	t.02.07	5302	51407	46105
#VALUE!	90	S33_2	FALSE	.	7	.	.	.	.
52943	278	S33_2	FALSE	1	0	t.02.08	4192	57135	52943
53241	373	S33_2	FALSE	3	298	t.02.08	4192	57135	52943
53635	215	S33_2	FALSE	4	692	t.02.08	4192	57135	52943
53867	292	S33_2	FALSE	5	924	t.02.08	4192	57135	52943
54182	204	S33_2	FALSE	6	1239	t.02.08	4192	57135	52943
54410	340	S33_2	FALSE	7	1467	t.02.08	4192	57135	52943
54775	180	S33_2	FALSE	8	1832	t.02.08	4192	57135	52943
54975	131	S33_2	FALSE	9	2032	t.02.08	4192	57135	52943
55129	192	S33_2	FALSE	10	2186	t.02.08	4192	57135	52943
55342	992	S33_2	FALSE	11	2399	t.02.08	4192	57135	52943
56383	239	S33_2	FALSE	7	3440	t.02.08	4192	57135	52943
56665	288	S33_2	FALSE	3	3722	t.02.08	4192	57135	52943
57170	43	S33_2	FALSE	1	4227	t.02.08	4192	57135	52943
#VALUE!	87	S33_2	FALSE	.	7	.	.	.	.
58665	196	S33_2	FALSE	2	0	t.02.09	6028	64693	58665
58870	79	S33_2	FALSE	1	205	t.02.09	6028	64693	58665
58967	296	S33_2	FALSE	1	302	t.02.09	6028	64693	58665
59279	390	S33_2	FALSE	2	614	t.02.09	6028	64693	58665
59688	212	S33_2	FALSE	2	1023	t.02.09	6028	64693	58665
59923	225	S33_2	FALSE	4	1258	t.02.09	6028	64693	58665
60167	145	S33_2	FALSE	4	1502	t.02.09	6028	64693	58665
60338	285	S33_2	FALSE	5	1673	t.02.09	6028	64693	58665
60646	474	S33_2	FALSE	6	1981	t.02.09	6028	64693	58665
61146	695	S33_2	FALSE	8	2481	t.02.09	6028	64693	58665
61869	266	S33_2	FALSE	10	3204	t.02.09	6028	64693	58665
62150	137	S33_2	FALSE	10	3485	t.02.09	6028	64693	58665
62476	99	S33_2	FALSE	2	3811	t.02.09	6028	64693	58665
62595	216	S33_2	FALSE	1	3930	t.02.09	6028	64693	58665
62818	261	S33_2	FALSE	1	4153	t.02.09	6028	64693	58665
63102	321	S33_2	FALSE	2	4437	t.02.09	6028	64693	58665
63429	356	S33_2	FALSE	2	4764	t.02.09	6028	64693	58665
63978	208	S33_2	FALSE	9	5313	t.02.09	6028	64693	58665
64207	562	S33_2	FALSE	10	5542	t.02.09	6028	64693	58665
#VALUE!	90	S33_2	FALSE	.	7	.	.	.	.
66221	37	S33_2	FALSE	.	0	t.02.10	5609	71830	66221
66276	409	S33_2	FALSE	1	55	t.02.10	5609	71830	66221
66708	229	S33_2	FALSE	2	487	t.02.10	5609	71830	66221
66957	336	S33_2	FALSE	3	736	t.02.10	5609	71830	66221
67316	190	S33_2	FALSE	3	1095	t.02.10	5609	71830	66221
67528	70	S33_2	FALSE	3	1307	t.02.10	5609	71830	66221
67620	208	S33_2	FALSE	2	1399	t.02.10	5609	71830	66221
67855	289	S33_2	FALSE	4	1634	t.02.10	5609	71830	66221
68172	358	S33_2	FALSE	6	1951	t.02.10	5609	71830	66221
68554	439	S33_2	FALSE	7	2333	t.02.10	5609	71830	66221
69018	182	S33_2	FALSE	7	2797	t.02.10	5609	71830	66221
69222	264	S33_2	FALSE	8	3001	t.02.10	5609	71830	66221
69509	369	S33_2	FALSE	9	3288	t.02.10	5609	71830	66221
69894	254	S33_2	FALSE	9	3673	t.02.10	5609	71830	66221
70182	332	S33_2	FALSE	7	3961	t.02.10	5609	71830	66221
70633	137	S33_2	FALSE	7	4412	t.02.10	5609	71830	66221
70793	757	S33_2	FALSE	8	4572	t.02.10	5609	71830	66221
71574	275	S33_2	FALSE	9	5353	t.02.10	5609	71830	66221
#VALUE!	89	S33_2	FALSE	.	7	.	.	.	.
73377	187	S33_2	FALSE	.	0	t.02.11	6258	79635	73377
73587	703	S33_2	FALSE	2	210	t.02.11	6258	79635	73377
74303	224	S33_2	FALSE	2	926	t.02.11	6258	79635	73377
74549	333	S33_2	FALSE	3	1172	t.02.11	6258	79635	73377
74907	288	S33_2	FALSE	4	1530	t.02.11	6258	79635	73377
75222	173	S33_2	FALSE	4	1845	t.02.11	6258	79635	73377
75420	168	S33_2	FALSE	5	2043	t.02.11	6258	79635	73377
75611	400	S33_2	FALSE	6	2234	t.02.11	6258	79635	73377
76031	374	S33_2	FALSE	.	2654	t.02.11	6258	79635	73377
76430	279	S33_2	FALSE	8	3053	t.02.11	6258	79635	73377
76728	175	S33_2	FALSE	9	3351	t.02.11	6258	79635	73377
76921	830	S33_2	FALSE	9	3544	t.02.11	6258	79635	73377
77777	152	S33_2	FALSE	8	4400	t.02.11	6258	79635	73377
78052	131	S33_2	FALSE	.	4675	t.02.11	6258	79635	73377
78204	506	S33_2	FALSE	2	4827	t.02.11	6258	79635	73377
78758	575	S33_2	FALSE	8	5381	t.02.11	6258	79635	73377
79355	173	S33_2	FALSE	8	5978	t.02.11	6258	79635	73377
79566	120	S33_2	FALSE	9	6189	t.02.11	6258	79635	73377
#VALUE!	24	S33_2	FALSE	.	7	.	.	.	.
#VALUE!	37	S33_2	FALSE	.	56	.	.	.	.
81166	335	S33_2	FALSE	1	0	t.02.12	7429	88595	81166
81528	272	S33_2	FALSE	3	362	t.02.12	7429	88595	81166
81814	104	S33_2	FALSE	2	648	t.02.12	7429	88595	81166
81944	303	S33_2	FALSE	1	778	t.02.12	7429	88595	81166
82273	431	S33_2	FALSE	3	1107	t.02.12	7429	88595	81166
82730	185	S33_2	FALSE	4	1564	t.02.12	7429	88595	81166
82938	167	S33_2	FALSE	5	1772	t.02.12	7429	88595	81166
83131	277	S33_2	FALSE	7	1965	t.02.12	7429	88595	81166
83429	244	S33_2	FALSE	8	2263	t.02.12	7429	88595	81166
83696	250	S33_2	FALSE	7	2530	t.02.12	7429	88595	81166
83969	190	S33_2	FALSE	8	2803	t.02.12	7429	88595	81166
84191	426	S33_2	FALSE	9	3025	t.02.12	7429	88595	81166
84642	328	S33_2	FALSE	10	3476	t.02.12	7429	88595	81166
84994	169	S33_2	FALSE	12	3828	t.02.12	7429	88595	81166
85188	216	S33_2	FALSE	10	4022	t.02.12	7429	88595	81166
85429	193	S33_2	FALSE	11	4263	t.02.12	7429	88595	81166
85681	139	S33_2	FALSE	3	4515	t.02.12	7429	88595	81166
85842	341	S33_2	FALSE	2	4676	t.02.12	7429	88595	81166
86209	76	S33_2	FALSE	4	5043	t.02.12	7429	88595	81166
86467	108	S33_2	FALSE	9	5301	t.02.12	7429	88595	81166
86592	213	S33_2	FALSE	9	5426	t.02.12	7429	88595	81166
86830	136	S33_2	FALSE	10	5664	t.02.12	7429	88595	81166
87028	356	S33_2	FALSE	2	5862	t.02.12	7429	88595	81166
87409	170	S33_2	FALSE	4	6243	t.02.12	7429	88595	81166
87614	285	S33_2	FALSE	5	6448	t.02.12	7429	88595	81166
87923	241	S33_2	FALSE	6	6757	t.02.12	7429	88595	81166
88203	136	S33_2	FALSE	2	7037	t.02.12	7429	88595	81166
88364	309	S33_2	FALSE	2	7198	t.02.12	7429	88595	81166
#VALUE!	80	S33_2	FALSE	.	13	.	.	.	.
90157	210	S33_2	FALSE	1	0	t.02.13	5378	95535	90157
90383	166	S33_2	FALSE	1	226	t.02.13	5378	95535	90157
90574	155	S33_2	FALSE	2	417	t.02.13	5378	95535	90157
90753	251	S33_2	FALSE	3	596	t.02.13	5378	95535	90157
91148	148	S33_2	FALSE	4	991	t.02.13	5378	95535	90157
91335	248	S33_2	FALSE	2	1178	t.02.13	5378	95535	90157
91608	203	S33_2	FALSE	4	1451	t.02.13	5378	95535	90157
91834	307	S33_2	FALSE	4	1677	t.02.13	5378	95535	90157
92166	265	S33_2	FALSE	5	2009	t.02.13	5378	95535	90157
92455	220	S33_2	FALSE	6	2298	t.02.13	5378	95535	90157
92693	192	S33_2	FALSE	6	2536	t.02.13	5378	95535	90157
92919	298	S33_2	FALSE	7	2762	t.02.13	5378	95535	90157
93243	279	S33_2	FALSE	8	3086	t.02.13	5378	95535	90157
93542	297	S33_2	FALSE	8	3385	t.02.13	5378	95535	90157
93855	157	S33_2	FALSE	8	3698	t.02.13	5378	95535	90157
94045	264	S33_2	FALSE	9	3888	t.02.13	5378	95535	90157
94377	154	S33_2	FALSE	3	4220	t.02.13	5378	95535	90157
94554	243	S33_2	FALSE	2	4397	t.02.13	5378	95535	90157
94816	286	S33_2	FALSE	1	4659	t.02.13	5378	95535	90157
95140	208	S33_2	FALSE	4	4983	t.02.13	5378	95535	90157
95372	255	S33_2	FALSE	5	5215	t.02.13	5378	95535	90157
#VALUE!	89	S33_2	FALSE	.	7	.	.	.	.
97079	189	S33_2	FALSE	.	0	t.02.14	5729	102808	97079
97288	250	S33_2	FALSE	1	209	t.02.14	5729	102808	97079
97562	150	S33_2	FALSE	2	483	t.02.14	5729	102808	97079
97735	211	S33_2	FALSE	3	656	t.02.14	5729	102808	97079
97971	271	S33_2	FALSE	2	892	t.02.14	5729	102808	97079
98268	292	S33_2	FALSE	3	1189	t.02.14	5729	102808	97079
98583	332	S33_2	FALSE	4	1504	t.02.14	5729	102808	97079
98936	224	S33_2	FALSE	4	1857	t.02.14	5729	102808	97079
99181	221	S33_2	FALSE	5	2102	t.02.14	5729	102808	97079
99424	230	S33_2	FALSE	6	2345	t.02.14	5729	102808	97079
99684	230	S33_2	FALSE	4	2605	t.02.14	5729	102808	97079
99944	257	S33_2	FALSE	8	2865	t.02.14	5729	102808	97079
100227	385	S33_2	FALSE	10	3148	t.02.14	5729	102808	97079
100639	244	S33_2	FALSE	12	3560	t.02.14	5729	102808	97079
100897	358	S33_2	FALSE	12	3818	t.02.14	5729	102808	97079
101344	169	S33_2	FALSE	2	4265	t.02.14	5729	102808	97079
101534	284	S33_2	FALSE	2	4455	t.02.14	5729	102808	97079
101842	170	S33_2	FALSE	1	4763	t.02.14	5729	102808	97079
102170	244	S33_2	FALSE	10	5091	t.02.14	5729	102808	97079
102447	279	S33_2	FALSE	12	5368	t.02.14	5729	102808	97079
102757	153	S33_2	FALSE	10	5678	t.02.14	5729	102808	97079
#VALUE!	86	S33_2	FALSE	.	7	.	.	.	.
104368	178	S33_2	FALSE	.	0	t.02.15	4868	109236	104368
104571	249	S33_2	FALSE	2	203	t.02.15	4868	109236	104368
104877	188	S33_2	FALSE	1	509	t.02.15	4868	109236	104368
105102	195	S33_2	FALSE	3	734	t.02.15	4868	109236	104368
105330	286	S33_2	FALSE	4	962	t.02.15	4868	109236	104368
105640	218	S33_2	FALSE	6	1272	t.02.15	4868	109236	104368
105878	126	S33_2	FALSE	6	1510	t.02.15	4868	109236	104368
106029	186	S33_2	FALSE	8	1661	t.02.15	4868	109236	104368
106238	124	S33_2	FALSE	9	1870	t.02.15	4868	109236	104368
106387	271	S33_2	FALSE	10	2019	t.02.15	4868	109236	104368
106682	328	S33_2	FALSE	11	2314	t.02.15	4868	109236	104368
107131	241	S33_2	FALSE	4	2763	t.02.15	4868	109236	104368
107395	46	S33_2	FALSE	4	3027	t.02.15	4868	109236	104368
107473	263	S33_2	FALSE	2	3105	t.02.15	4868	109236	104368
107777	208	S33_2	FALSE	5	3409	t.02.15	4868	109236	104368
108004	233	S33_2	FALSE	6	3636	t.02.15	4868	109236	104368
108266	243	S33_2	FALSE	8	3898	t.02.15	4868	109236	104368
108533	293	S33_2	FALSE	9	4165	t.02.15	4868	109236	104368
108850	329	S33_2	FALSE	10	4482	t.02.15	4868	109236	104368
109218	104	S33_2	FALSE	11	4850	t.02.15	4868	109236	104368
#VALUE!	88	S33_2	FALSE	.	7	.	.	.	.
110790	191	S33_2	FALSE	.	0	t.02.16	5281	116071	110790
111001	433	S33_2	FALSE	1	211	t.02.16	5281	116071	110790
111461	236	S33_2	FALSE	3	671	t.02.16	5281	116071	110790
111721	302	S33_2	FALSE	4	931	t.02.16	5281	116071	110790
112046	285	S33_2	FALSE	5	1256	t.02.16	5281	116071	110790
112353	278	S33_2	FALSE	6	1563	t.02.16	5281	116071	110790
112653	210	S33_2	FALSE	6	1863	t.02.16	5281	116071	110790
112888	261	S33_2	FALSE	7	2098	t.02.16	5281	116071	110790
113172	292	S33_2	FALSE	8	2382	t.02.16	5281	116071	110790
113489	159	S33_2	FALSE	7	2699	t.02.16	5281	116071	110790
113702	176	S33_2	FALSE	4	2912	t.02.16	5281	116071	110790
113905	216	S33_2	FALSE	2	3115	t.02.16	5281	116071	110790
114140	269	S33_2	FALSE	3	3350	t.02.16	5281	116071	110790
114442	177	S33_2	FALSE	4	3652	t.02.16	5281	116071	110790
114652	374	S33_2	FALSE	2	3862	t.02.16	5281	116071	110790
115160	36	S33_2	FALSE	2	4370	t.02.16	5281	116071	110790
115229	188	S33_2	FALSE	3	4439	t.02.16	5281	116071	110790
115439	270	S33_2	FALSE	3	4649	t.02.16	5281	116071	110790
115766	406	S33_2	FALSE	8	4976	t.02.16	5281	116071	110790
#VALUE!	56	S33_2	FALSE	.	7	.	.	.	.
#VALUE!	7	S33_2	FALSE	.	87	.	.	.	.
117612	185	S33_2	FALSE	1	0	t.02.17	5437	123049	117612
117820	235	S33_2	FALSE	1	208	t.02.17	5437	123049	117612
118084	302	S33_2	FALSE	2	472	t.02.17	5437	123049	117612
118419	267	S33_2	FALSE	3	807	t.02.17	5437	123049	117612
118710	326	S33_2	FALSE	4	1098	t.02.17	5437	123049	117612
119059	246	S33_2	FALSE	5	1447	t.02.17	5437	123049	117612
119315	187	S33_2	FALSE	5	1703	t.02.17	5437	123049	117612
119523	268	S33_2	FALSE	7	1911	t.02.17	5437	123049	117612
119815	193	S33_2	FALSE	8	2203	t.02.17	5437	123049	117612
120028	240	S33_2	FALSE	8	2416	t.02.17	5437	123049	117612
120323	129	S33_2	FALSE	1	2711	t.02.17	5437	123049	117612
120471	302	S33_2	FALSE	1	2859	t.02.17	5437	123049	117612
120801	271	S33_2	FALSE	2	3189	t.02.17	5437	123049	117612
121094	379	S33_2	FALSE	3	3482	t.02.17	5437	123049	117612
121496	419	S33_2	FALSE	4	3884	t.02.17	5437	123049	117612
121943	206	S33_2	FALSE	3	4331	t.02.17	5437	123049	117612
122295	174	S33_2	FALSE	1	4683	t.02.17	5437	123049	117612
122493	150	S33_2	FALSE	1	4881	t.02.17	5437	123049	117612
122680	255	S33_2	FALSE	4	5068	t.02.17	5437	123049	117612
122960	178	S33_2	FALSE	5	5348	t.02.17	5437	123049	117612
#VALUE!	88	S33_2	FALSE	.	7	.	.	.	.
124585	177	S33_2	FALSE	.	0	t.02.18	4034	128619	124585
124786	287	S33_2	FALSE	1	201	t.02.18	4034	128619	124585
125087	182	S33_2	FALSE	1	502	t.02.18	4034	128619	124585
125298	153	S33_2	FALSE	1	713	t.02.18	4034	128619	124585
125474	244	S33_2	FALSE	3	889	t.02.18	4034	128619	124585
125740	311	S33_2	FALSE	4	1155	t.02.18	4034	128619	124585
126075	247	S33_2	FALSE	5	1490	t.02.18	4034	128619	124585
126344	383	S33_2	FALSE	6	1759	t.02.18	4034	128619	124585
126753	346	S33_2	FALSE	7	2168	t.02.18	4034	128619	124585
127137	244	S33_2	FALSE	8	2552	t.02.18	4034	128619	124585
127401	228	S33_2	FALSE	9	2816	t.02.18	4034	128619	124585
127691	536	S33_2	FALSE	2	3106	t.02.18	4034	128619	124585
128250	263	S33_2	FALSE	3	3665	t.02.18	4034	128619	124585
128542	164	S33_2	FALSE	2	3957	t.02.18	4034	128619	124585
#VALUE!	85	S33_2	FALSE	.	7	.	.	.	.
130156	170	S33_2	FALSE	.	0	t.02.19	4557	134713	130156
130347	249	S33_2	FALSE	1	191	t.02.19	4557	134713	130156
130620	78	S33_2	FALSE	1	464	t.02.19	4557	134713	130156
130732	237	S33_2	FALSE	2	576	t.02.19	4557	134713	130156
130993	263	S33_2	FALSE	4	837	t.02.19	4557	134713	130156
131279	287	S33_2	FALSE	2	1123	t.02.19	4557	134713	130156
131596	273	S33_2	FALSE	4	1440	t.02.19	4557	134713	130156
131893	276	S33_2	FALSE	5	1737	t.02.19	4557	134713	130156
132196	202	S33_2	FALSE	4	2040	t.02.19	4557	134713	130156
132418	216	S33_2	FALSE	5	2262	t.02.19	4557	134713	130156
132656	317	S33_2	FALSE	6	2500	t.02.19	4557	134713	130156
133001	222	S33_2	FALSE	7	2845	t.02.19	4557	134713	130156
133246	247	S33_2	FALSE	8	3090	t.02.19	4557	134713	130156
133524	232	S33_2	FALSE	9	3368	t.02.19	4557	134713	130156
133779	162	S33_2	FALSE	10	3623	t.02.19	4557	134713	130156
133952	182	S33_2	FALSE	11	3796	t.02.19	4557	134713	130156
134192	217	S33_2	FALSE	4	4036	t.02.19	4557	134713	130156
134434	363	S33_2	FALSE	6	4278	t.02.19	4557	134713	130156
#VALUE!	83	S33_2	FALSE	.	7	.	.	.	.
136244	180	S33_2	FALSE	.	0	t.02.20	4663	140907	136244
136446	411	S33_2	FALSE	1	202	t.02.20	4663	140907	136244
136880	181	S33_2	FALSE	1	636	t.02.20	4663	140907	136244
137086	203	S33_2	FALSE	2	842	t.02.20	4663	140907	136244
137310	341	S33_2	FALSE	3	1066	t.02.20	4663	140907	136244
137674	299	S33_2	FALSE	4	1430	t.02.20	4663	140907	136244
137996	293	S33_2	FALSE	5	1752	t.02.20	4663	140907	136244
138302	143	S33_2	FALSE	5	2058	t.02.20	4663	140907	136244
138472	260	S33_2	FALSE	6	2228	t.02.20	4663	140907	136244
138757	135	S33_2	FALSE	8	2513	t.02.20	4663	140907	136244
138915	268	S33_2	FALSE	9	2671	t.02.20	4663	140907	136244
139201	245	S33_2	FALSE	10	2957	t.02.20	4663	140907	136244
139453	93	S33_2	FALSE	10	3209	t.02.20	4663	140907	136244
139657	293	S33_2	FALSE	5	3413	t.02.20	4663	140907	136244
139972	212	S33_2	FALSE	4	3728	t.02.20	4663	140907	136244
140232	307	S33_2	FALSE	1	3988	t.02.20	4663	140907	136244
140562	148	S33_2	FALSE	1	4318	t.02.20	4663	140907	136244
140757	177	S33_2	FALSE	7	4513	t.02.20	4663	140907	136244
#VALUE!	86	S33_2	FALSE	.	7	.	.	.	.
142449	182	S33_2	FALSE	.	0	t.02.21	4736	147185	142449
142651	234	S33_2	FALSE	1	202	t.02.21	4736	147185	142449
142907	252	S33_2	FALSE	3	458	t.02.21	4736	147185	142449
143181	384	S33_2	FALSE	.	732	t.02.21	4736	147185	142449
143586	123	S33_2	FALSE	4	1137	t.02.21	4736	147185	142449
143734	368	S33_2	FALSE	5	1285	t.02.21	4736	147185	142449
144132	253	S33_2	FALSE	6	1683	t.02.21	4736	147185	142449
144394	145	S33_2	FALSE	6	1945	t.02.21	4736	147185	142449
144574	357	S33_2	FALSE	7	2125	t.02.21	4736	147185	142449
144961	336	S33_2	FALSE	8	2512	t.02.21	4736	147185	142449
145333	282	S33_2	FALSE	9	2884	t.02.21	4736	147185	142449
145634	135	S33_2	FALSE	9	3185	t.02.21	4736	147185	142449
145878	100	S33_2	FALSE	4	3429	t.02.21	4736	147185	142449
146001	241	S33_2	FALSE	3	3552	t.02.21	4736	147185	142449
146267	298	S33_2	FALSE	4	3818	t.02.21	4736	147185	142449
146593	219	S33_2	FALSE	5	4144	t.02.21	4736	147185	142449
146838	248	S33_2	FALSE	3	4389	t.02.21	4736	147185	142449
147114	158	S33_2	FALSE	1	4665	t.02.21	4736	147185	142449
#VALUE!	82	S33_2	FALSE	.	11	.	.	.	.
148721	253	S33_2	FALSE	.	0	t.02.22	4576	153297	148721
148993	221	S33_2	FALSE	1	272	t.02.22	4576	153297	148721
149236	271	S33_2	FALSE	1	515	t.02.22	4576	153297	148721
149530	232	S33_2	FALSE	3	809	t.02.22	4576	153297	148721
149782	195	S33_2	FALSE	3	1061	t.02.22	4576	153297	148721
150077	192	S33_2	FALSE	4	1356	t.02.22	4576	153297	148721
150294	263	S33_2	FALSE	5	1573	t.02.22	4576	153297	148721
150601	428	S33_2	FALSE	6	1880	t.02.22	4576	153297	148721
151058	379	S33_2	FALSE	8	2337	t.02.22	4576	153297	148721
151454	201	S33_2	FALSE	8	2733	t.02.22	4576	153297	148721
151680	172	S33_2	FALSE	9	2959	t.02.22	4576	153297	148721
151926	233	S33_2	FALSE	1	3205	t.02.22	4576	153297	148721
152164	164	S33_2	FALSE	1	3443	t.02.22	4576	153297	148721
152365	469	S33_2	FALSE	3	3644	t.02.22	4576	153297	148721
152967	290	S33_2	FALSE	4	4246	t.02.22	4576	153297	148721
153305	71	S33_2	FALSE	1	4584	t.02.22	4576	153297	148721
#VALUE!	85	S33_2	FALSE	.	7	.	.	.	.
154826	187	S33_2	FALSE	.	0	t.02.23	3523	158349	154826
155035	311	S33_2	FALSE	1	209	t.02.23	3523	158349	154826
155369	300	S33_2	FALSE	2	543	t.02.23	3523	158349	154826
155693	270	S33_2	FALSE	3	867	t.02.23	3523	158349	154826
155994	246	S33_2	FALSE	4	1168	t.02.23	3523	158349	154826
156263	279	S33_2	FALSE	5	1437	t.02.23	3523	158349	154826
156558	313	S33_2	FALSE	5	1732	t.02.23	3523	158349	154826
157021	207	S33_2	FALSE	6	2195	t.02.23	3523	158349	154826
157278	206	S33_2	FALSE	7	2452	t.02.23	3523	158349	154826
157506	361	S33_2	FALSE	8	2680	t.02.23	3523	158349	154826
157881	435	S33_2	FALSE	8	3055	t.02.23	3523	158349	154826
#VALUE!	88	S33_2	FALSE	.	7	.	.	.	.
159880	311	S33_2	FALSE	1	0	t.02.24	5606	165486	159880
160218	211	S33_2	FALSE	1	338	t.02.24	5606	165486	159880
160453	260	S33_2	FALSE	3	573	t.02.24	5606	165486	159880
160732	181	S33_2	FALSE	4	852	t.02.24	5606	165486	159880
160931	165	S33_2	FALSE	4	1051	t.02.24	5606	165486	159880
161118	224	S33_2	FALSE	6	1238	t.02.24	5606	165486	159880
161364	501	S33_2	FALSE	7	1484	t.02.24	5606	165486	159880
161890	433	S33_2	FALSE	8	2010	t.02.24	5606	165486	159880
162352	190	S33_2	FALSE	10	2472	t.02.24	5606	165486	159880
162563	374	S33_2	FALSE	10	2683	t.02.24	5606	165486	159880
162953	180	S33_2	FALSE	10	3073	t.02.24	5606	165486	159880
163149	119	S33_2	FALSE	10	3269	t.02.24	5606	165486	159880
163367	124	S33_2	FALSE	7	3487	t.02.24	5606	165486	159880
163517	166	S33_2	FALSE	6	3637	t.02.24	5606	165486	159880
163707	273	S33_2	FALSE	7	3827	t.02.24	5606	165486	159880
164016	418	S33_2	FALSE	8	4136	t.02.24	5606	165486	159880
164462	205	S33_2	FALSE	10	4582	t.02.24	5606	165486	159880
164689	322	S33_2	FALSE	10	4809	t.02.24	5606	165486	159880
165201	151	S33_2	FALSE	1	5321	t.02.24	5606	165486	159880
165371	198	S33_2	FALSE	1	5491	t.02.24	5606	165486	159880
#VALUE!	86	S33_2	FALSE	.	7	.	.	.	.
167019	190	S33_2	FALSE	.	0	t.02.25	4415	171434	167019
167233	167	S33_2	FALSE	1	214	t.02.25	4415	171434	167019
167424	122	S33_2	FALSE	2	405	t.02.25	4415	171434	167019
167572	234	S33_2	FALSE	3	553	t.02.25	4415	171434	167019
167829	252	S33_2	FALSE	4	810	t.02.25	4415	171434	167019
168113	392	S33_2	FALSE	5	1094	t.02.25	4415	171434	167019
168528	180	S33_2	FALSE	5	1509	t.02.25	4415	171434	167019
168733	213	S33_2	FALSE	7	1714	t.02.25	4415	171434	167019
168974	230	S33_2	FALSE	9	1955	t.02.25	4415	171434	167019
169226	215	S33_2	FALSE	9	2207	t.02.25	4415	171434	167019
169453	166	S33_2	FALSE	9	2434	t.02.25	4415	171434	167019
169744	298	S33_2	FALSE	5	2725	t.02.25	4415	171434	167019
170067	260	S33_2	FALSE	7	3048	t.02.25	4415	171434	167019
170358	224	S33_2	FALSE	.	3339	t.02.25	4415	171434	167019
170610	213	S33_2	FALSE	4	3591	t.02.25	4415	171434	167019
170852	227	S33_2	FALSE	5	3833	t.02.25	4415	171434	167019
171106	182	S33_2	FALSE	7	4087	t.02.25	4415	171434	167019
171311	216	S33_2	FALSE	7	4292	t.02.25	4415	171434	167019
#VALUE!	76	S33_2	FALSE	.	22	.	.	.	.
172990	175	S33_2	FALSE	1	0	t.02.26	3916	176906	172990
173185	253	S33_2	FALSE	1	195	t.02.26	3916	176906	172990
173463	298	S33_2	FALSE	2	473	t.02.26	3916	176906	172990
173785	376	S33_2	FALSE	3	795	t.02.26	3916	176906	172990
174193	267	S33_2	FALSE	4	1203	t.02.26	3916	176906	172990
174480	383	S33_2	FALSE	5	1490	t.02.26	3916	176906	172990
174890	470	S33_2	FALSE	6	1900	t.02.26	3916	176906	172990
175380	216	S33_2	FALSE	7	2390	t.02.26	3916	176906	172990
175631	349	S33_2	FALSE	9	2641	t.02.26	3916	176906	172990
176000	193	S33_2	FALSE	10	3010	t.02.26	3916	176906	172990
176215	206	S33_2	FALSE	11	3225	t.02.26	3916	176906	172990
176472	177	S33_2	FALSE	3	3482	t.02.26	3916	176906	172990
176675	294	S33_2	FALSE	2	3685	t.02.26	3916	176906	172990
#VALUE!	87	S33_2	FALSE	.	7	.	.	.	.
178445	81	S33_2	FALSE	.	0	t.02.27	3973	182418	178445
178558	102	S33_2	FALSE	1	113	t.02.27	3973	182418	178445
178679	142	S33_2	FALSE	1	234	t.02.27	3973	182418	178445
178849	303	S33_2	FALSE	2	404	t.02.27	3973	182418	178445
179189	267	S33_2	FALSE	2	744	t.02.27	3973	182418	178445
179486	304	S33_2	FALSE	2	1041	t.02.27	3973	182418	178445
179829	252	S33_2	FALSE	2	1384	t.02.27	3973	182418	178445
180105	573	S33_2	FALSE	4	1660	t.02.27	3973	182418	178445
180715	286	S33_2	FALSE	5	2270	t.02.27	3973	182418	178445
181032	249	S33_2	FALSE	6	2587	t.02.27	3973	182418	178445
181304	189	S33_2	FALSE	8	2859	t.02.27	3973	182418	178445
181512	508	S33_2	FALSE	8	3067	t.02.27	3973	182418	178445
182144	241	S33_2	FALSE	1	3699	t.02.27	3973	182418	178445
182404	67	S33_2	FALSE	1	3959	t.02.27	3973	182418	178445
#VALUE!	46	S33_2	FALSE	.	48	.	.	.	.
183949	286	S33_2	FALSE	1	0	t.02.28	3899	187848	183949
184271	189	S33_2	FALSE	1	322	t.02.28	3899	187848	183949
184491	192	S33_2	FALSE	2	542	t.02.28	3899	187848	183949
184705	203	S33_2	FALSE	3	756	t.02.28	3899	187848	183949
184932	397	S33_2	FALSE	4	983	t.02.28	3899	187848	183949
185342	322	S33_2	FALSE	4	1393	t.02.28	3899	187848	183949
185703	298	S33_2	FALSE	5	1754	t.02.28	3899	187848	183949
186025	194	S33_2	FALSE	7	2076	t.02.28	3899	187848	183949
186242	190	S33_2	FALSE	7	2293	t.02.28	3899	187848	183949
186456	288	S33_2	FALSE	.	2507	t.02.28	3899	187848	183949
186769	416	S33_2	FALSE	10	2820	t.02.28	3899	187848	183949
187244	318	S33_2	FALSE	4	3295	t.02.28	3899	187848	183949
187593	222	S33_2	FALSE	2	3644	t.02.28	3899	187848	183949
187871	65	S33_2	FALSE	1	3922	t.02.28	3899	187848	183949
#VALUE!	84	S33_2	FALSE	.	7	.	.	.	.
189387	176	S33_2	FALSE	.	0	t.02.29	4279	193666	189387
189596	143	S33_2	FALSE	1	209	t.02.29	4279	193666	189387
189770	261	S33_2	FALSE	2	383	t.02.29	4279	193666	189387
190052	117	S33_2	FALSE	2	665	t.02.29	4279	193666	189387
190203	259	S33_2	FALSE	3	816	t.02.29	4279	193666	189387
190490	407	S33_2	FALSE	4	1103	t.02.29	4279	193666	189387
190921	370	S33_2	FALSE	5	1534	t.02.29	4279	193666	189387
191311	239	S33_2	FALSE	6	1924	t.02.29	4279	193666	189387
191573	281	S33_2	FALSE	7	2186	t.02.29	4279	193666	189387
191879	230	S33_2	FALSE	8	2492	t.02.29	4279	193666	189387
192132	261	S33_2	FALSE	9	2745	t.02.29	4279	193666	189387
192406	123	S33_2	FALSE	9	3019	t.02.29	4279	193666	189387
192577	147	S33_2	FALSE	4	3190	t.02.29	4279	193666	189387
192739	186	S33_2	FALSE	4	3352	t.02.29	4279	193666	189387
192968	267	S33_2	FALSE	8	3581	t.02.29	4279	193666	189387
193258	180	S33_2	FALSE	9	3871	t.02.29	4279	193666	189387
193570	193	S33_2	FALSE	6	4183	t.02.29	4279	193666	189387
#VALUE!	82	S33_2	FALSE	.	7	.	.	.	.
195208	165	S33_2	FALSE	.	0	t.02.30	4227	199435	195208
195400	185	S33_2	FALSE	1	192	t.02.30	4227	199435	195208
195609	243	S33_2	FALSE	2	401	t.02.30	4227	199435	195208
195874	129	S33_2	FALSE	3	666	t.02.30	4227	199435	195208
196037	274	S33_2	FALSE	4	829	t.02.30	4227	199435	195208
196336	362	S33_2	FALSE	4	1128	t.02.30	4227	199435	195208
196717	173	S33_2	FALSE	4	1509	t.02.30	4227	199435	195208
196923	258	S33_2	FALSE	5	1715	t.02.30	4227	199435	195208
197207	320	S33_2	FALSE	6	1999	t.02.30	4227	199435	195208
197552	264	S33_2	FALSE	8	2344	t.02.30	4227	199435	195208
197841	279	S33_2	FALSE	9	2633	t.02.30	4227	199435	195208
198132	150	S33_2	FALSE	9	2924	t.02.30	4227	199435	195208
198304	168	S33_2	FALSE	10	3096	t.02.30	4227	199435	195208
198630	533	S33_2	FALSE	2	3422	t.02.30	4227	199435	195208
199185	332	S33_2	FALSE	1	3977	t.02.30	4227	199435	195208
#VALUE!	87	S33_2	FALSE	.	7	.	.	.	.
200963	41	S33_2	FALSE	.	0	t.02.31	4819	205782	200963
201035	347	S33_2	FALSE	1	72	t.02.31	4819	205782	200963
201417	222	S33_2	FALSE	2	454	t.02.31	4819	205782	200963
201662	193	S33_2	FALSE	1	699	t.02.31	4819	205782	200963
201892	201	S33_2	FALSE	.	929	t.02.31	4819	205782	200963
202205	236	S33_2	FALSE	3	1242	t.02.31	4819	205782	200963
202460	248	S33_2	FALSE	3	1497	t.02.31	4819	205782	200963
202742	193	S33_2	FALSE	4	1779	t.02.31	4819	205782	200963
202962	152	S33_2	FALSE	5	1999	t.02.31	4819	205782	200963
203152	327	S33_2	FALSE	6	2189	t.02.31	4819	205782	200963
203508	347	S33_2	FALSE	8	2545	t.02.31	4819	205782	200963
203884	128	S33_2	FALSE	9	2921	t.02.31	4819	205782	200963
204037	242	S33_2	FALSE	9	3074	t.02.31	4819	205782	200963
204302	170	S33_2	FALSE	10	3339	t.02.31	4819	205782	200963
204490	365	S33_2	FALSE	10	3527	t.02.31	4819	205782	200963
204899	211	S33_2	FALSE	8	3936	t.02.31	4819	205782	200963
205140	130	S33_2	FALSE	5	4177	t.02.31	4819	205782	200963
205305	361	S33_2	FALSE	5	4342	t.02.31	4819	205782	200963
205693	173	S33_2	FALSE	5	4730	t.02.31	4819	205782	200963
#VALUE!	29	S33_2	FALSE	.	7	.	.	.	.
#VALUE!	47	S33_2	FALSE	.	51	.	.	.	.
217860	193	S33_2	FALSE	12	0	.	.	224758	217860
218078	122	S33_2	FALSE	1	218	.	.	224758	217860
218217	159	S33_2	FALSE	1	357	.	.	224758	217860
218382	163	S33_2	FALSE	1	522	.	.	224758	217860
218578	259	S33_2	FALSE	3	718	.	.	224758	217860
218862	136	S33_2	FALSE	4	1002	.	.	224758	217860
219025	123	S33_2	FALSE	5	1165	.	.	224758	217860
219183	222	S33_2	FALSE	6	1323	.	.	224758	217860
219437	207	S33_2	FALSE	8	1577	.	.	224758	217860
219669	73	S33_2	FALSE	9	1809	.	.	224758	217860
219801	329	S33_2	FALSE	12	1941	.	.	224758	217860
220157	270	S33_2	FALSE	14	2297	.	.	224758	217860
220459	132	S33_2	FALSE	14	2599	.	.	224758	217860
220617	249	S33_2	FALSE	15	2757	.	.	224758	217860
220900	188	S33_2	FALSE	16	3040	.	.	224758	217860
221147	346	S33_2	FALSE	18	3287	.	.	224758	217860
221523	289	S33_2	FALSE	19	3663	.	.	224758	217860
221838	199	S33_2	FALSE	20	3978	.	.	224758	217860
222071	209	S33_2	FALSE	21	4211	.	.	224758	217860
222305	110	S33_2	FALSE	23	4445	.	.	224758	217860
222469	156	S33_2	FALSE	18	4609	.	.	224758	217860
222660	167	S33_2	FALSE	25	4800	.	.	224758	217860
222855	122	S33_2	FALSE	26	4995	.	.	224758	217860
223014	246	S33_2	FALSE	27	5154	.	.	224758	217860
223298	261	S33_2	FALSE	29	5438	.	.	224758	217860
223584	443	S33_2	FALSE	31	5724	.	.	224758	217860
224064	227	S33_2	FALSE	32	6204	.	.	224758	217860
224321	130	S33_2	FALSE	33	6461	.	.	224758	217860
224521	452	S33_2	FALSE	17	6661	.	.	224758	217860
225025	230	S33_2	FALSE	33	7165	.	.	224758	217860
225285	53	S33_2	FALSE	34	7425	.	.	224758	217860
#VALUE!	88	S33_2	FALSE	.	7	.	.	.	.
225816	213	S33_2	FALSE	13	0	.	.	232716	225816
226056	163	S33_2	FALSE	1	240	.	.	232716	225816
226229	331	S33_2	FALSE	1	413	.	.	232716	225816
226581	337	S33_2	FALSE	1	765	.	.	232716	225816
227039	288	S33_2	FALSE	2	1223	.	.	232716	225816
227349	259	S33_2	FALSE	3	1533	.	.	232716	225816
227628	202	S33_2	FALSE	4	1812	.	.	232716	225816
227851	231	S33_2	FALSE	5	2035	.	.	232716	225816
228108	217	S33_2	FALSE	7	2292	.	.	232716	225816
228350	124	S33_2	FALSE	7	2534	.	.	232716	225816
228498	110	S33_2	FALSE	8	2682	.	.	232716	225816
228776	244	S33_2	FALSE	10	2960	.	.	232716	225816
229045	256	S33_2	FALSE	10	3229	.	.	232716	225816
229325	348	S33_2	FALSE	13	3509	.	.	232716	225816
229695	119	S33_2	FALSE	14	3879	.	.	232716	225816
229828	127	S33_2	FALSE	10	4012	.	.	232716	225816
229975	167	S33_2	FALSE	10	4159	.	.	232716	225816
230185	81	S33_2	FALSE	17	4369	.	.	232716	225816
230275	181	S33_2	FALSE	17	4459	.	.	232716	225816
230490	120	S33_2	FALSE	18	4674	.	.	232716	225816
230651	244	S33_2	FALSE	13	4835	.	.	232716	225816
230926	237	S33_2	FALSE	14	5110	.	.	232716	225816
231201	212	S33_2	FALSE	10	5385	.	.	232716	225816
231440	257	S33_2	FALSE	10	5624	.	.	232716	225816
231716	162	S33_2	FALSE	9	5900	.	.	232716	225816
231914	246	S33_2	FALSE	10	6098	.	.	232716	225816
232195	145	S33_2	FALSE	11	6379	.	.	232716	225816
232376	335	S33_2	FALSE	13	6560	.	.	232716	225816
232736	184	S33_2	FALSE	14	6920	.	.	232716	225816
232945	171	S33_2	FALSE	12	7129	.	.	232716	225816
233125	162	S33_2	FALSE	9	7309	.	.	232716	225816
#VALUE!	86	S33_2	FALSE	.	7	.	.	.	.
233706	220	S33_2	FALSE	8	0	.	.	238975	233706
233950	496	S33_2	FALSE	1	244	.	.	238975	233706
234465	203	S33_2	FALSE	2	759	.	.	238975	233706
234691	163	S33_2	FALSE	3	985	.	.	238975	233706
234889	206	S33_2	FALSE	13	1183	.	.	238975	233706
235127	80	S33_2	FALSE	14	1421	.	.	238975	233706
235243	270	S33_2	FALSE	.	1537	.	.	238975	233706
235564	285	S33_2	FALSE	10	1858	.	.	238975	233706
235878	199	S33_2	FALSE	13	2172	.	.	238975	233706
236102	183	S33_2	FALSE	20	2396	.	.	238975	233706
236336	181	S33_2	FALSE	23	2630	.	.	238975	233706
236541	147	S33_2	FALSE	18	2835	.	.	238975	233706
236714	362	S33_2	FALSE	20	3008	.	.	238975	233706
237109	144	S33_2	FALSE	20	3403	.	.	238975	233706
237298	225	S33_2	FALSE	26	3592	.	.	238975	233706
237548	238	S33_2	FALSE	27	3842	.	.	238975	233706
237812	194	S33_2	FALSE	28	4106	.	.	238975	233706
238038	239	S33_2	FALSE	29	4332	.	.	238975	233706
238308	247	S33_2	FALSE	20	4602	.	.	238975	233706
238606	101	S33_2	FALSE	.	4900	.	.	238975	233706
238741	224	S33_2	FALSE	15	5035	.	.	238975	233706
239138	175	S33_2	FALSE	16	5432	.	.	238975	233706
239337	207	S33_2	FALSE	15	5631	.	.	238975	233706
#VALUE!	82	S33_2	FALSE	.	7	.	.	.	.
239994	197	S33_2	FALSE	16	0	.	.	247159	239994
240218	144	S33_2	FALSE	1	224	.	.	247159	239994
240368	326	S33_2	FALSE	1	374	.	.	247159	239994
240718	181	S33_2	FALSE	2	724	.	.	247159	239994
240917	140	S33_2	FALSE	1	923	.	.	247159	239994
241095	193	S33_2	FALSE	4	1101	.	.	247159	239994
241327	314	S33_2	FALSE	5	1333	.	.	247159	239994
241667	269	S33_2	FALSE	7	1673	.	.	247159	239994
241962	242	S33_2	FALSE	6	1968	.	.	247159	239994
242234	124	S33_2	FALSE	5	2240	.	.	247159	239994
242392	181	S33_2	FALSE	8	2398	.	.	247159	239994
242602	122	S33_2	FALSE	8	2608	.	.	247159	239994
242855	182	S33_2	FALSE	10	2861	.	.	247159	239994
243061	168	S33_2	FALSE	11	3067	.	.	247159	239994
243261	212	S33_2	FALSE	12	3267	.	.	247159	239994
243506	128	S33_2	FALSE	14	3512	.	.	247159	239994
243682	188	S33_2	FALSE	18	3688	.	.	247159	239994
243892	143	S33_2	FALSE	17	3898	.	.	247159	239994
244072	229	S33_2	FALSE	19	4078	.	.	247159	239994
244333	388	S33_2	FALSE	20	4339	.	.	247159	239994
244754	319	S33_2	FALSE	21	4760	.	.	247159	239994
245093	30	S33_2	FALSE	21	5099	.	.	247159	239994
245147	267	S33_2	FALSE	20	5153	.	.	247159	239994
245449	117	S33_2	FALSE	21	5455	.	.	247159	239994
245603	284	S33_2	FALSE	23	5609	.	.	247159	239994
245912	168	S33_2	FALSE	24	5918	.	.	247159	239994
246103	149	S33_2	FALSE	25	6109	.	.	247159	239994
246287	209	S33_2	FALSE	28	6293	.	.	247159	239994
246525	263	S33_2	FALSE	28	6531	.	.	247159	239994
246805	67	S33_2	FALSE	29	6811	.	.	247159	239994
246932	234	S33_2	FALSE	23	6938	.	.	247159	239994
247186	539	S33_2	FALSE	22	7192	.	.	247159	239994
#VALUE!	82	S33_2	FALSE	.	7	.	.	.	.
248184	95	S33_2	FALSE	.	0	.	.	254929	248184
248285	110	S33_2	FALSE	25	101	.	.	254929	248184
248430	536	S33_2	FALSE	1	246	.	.	254929	248184
248989	184	S33_2	FALSE	3	805	.	.	254929	248184
249195	157	S33_2	FALSE	4	1011	.	.	254929	248184
249471	182	S33_2	FALSE	5	1287	.	.	254929	248184
249678	290	S33_2	FALSE	7	1494	.	.	254929	248184
249990	174	S33_2	FALSE	7	1806	.	.	254929	248184
250185	111	S33_2	FALSE	7	2001	.	.	254929	248184
250329	255	S33_2	FALSE	8	2145	.	.	254929	248184
250608	193	S33_2	FALSE	9	2424	.	.	254929	248184
250827	140	S33_2	FALSE	10	2643	.	.	254929	248184
251035	91	S33_2	FALSE	21	2851	.	.	254929	248184
251147	159	S33_2	FALSE	12	2963	.	.	254929	248184
251334	218	S33_2	FALSE	13	3150	.	.	254929	248184
251580	190	S33_2	FALSE	16	3396	.	.	254929	248184
251793	163	S33_2	FALSE	17	3609	.	.	254929	248184
251990	175	S33_2	FALSE	18	3806	.	.	254929	248184
252194	250	S33_2	FALSE	16	4010	.	.	254929	248184
252472	144	S33_2	FALSE	13	4288	.	.	254929	248184
252653	120	S33_2	FALSE	12	4469	.	.	254929	248184
252803	180	S33_2	FALSE	11	4619	.	.	254929	248184
253009	269	S33_2	FALSE	21	4825	.	.	254929	248184
253313	199	S33_2	FALSE	22	5129	.	.	254929	248184
253545	240	S33_2	FALSE	24	5361	.	.	254929	248184
253821	247	S33_2	FALSE	27	5637	.	.	254929	248184
254090	157	S33_2	FALSE	27	5906	.	.	254929	248184
254285	343	S33_2	FALSE	28	6101	.	.	254929	248184
254667	149	S33_2	FALSE	30	6483	.	.	254929	248184
254849	168	S33_2	FALSE	31	6665	.	.	254929	248184
255046	80	S33_2	FALSE	32	6862	.	.	254929	248184
255182	92	S33_2	FALSE	21	6998	.	.	254929	248184
255298	204	S33_2	FALSE	12	7114	.	.	254929	248184
#VALUE!	84	S33_2	FALSE	.	7	.	.	.	.
255957	229	S33_2	FALSE	9	0	.	.	263759	255957
256208	449	S33_2	FALSE	1	251	.	.	263759	255957
256678	224	S33_2	FALSE	2	721	.	.	263759	255957
256929	231	S33_2	FALSE	4	972	.	.	263759	255957
257298	329	S33_2	FALSE	5	1341	.	.	263759	255957
257652	271	S33_2	FALSE	6	1695	.	.	263759	255957
257947	187	S33_2	FALSE	7	1990	.	.	263759	255957
258159	297	S33_2	FALSE	8	2202	.	.	263759	255957
258479	286	S33_2	FALSE	8	2522	.	.	263759	255957
258822	310	S33_2	FALSE	11	2865	.	.	263759	255957
259172	246	S33_2	FALSE	12	3215	.	.	263759	255957
259446	232	S33_2	FALSE	14	3489	.	.	263759	255957
259703	257	S33_2	FALSE	15	3746	.	.	263759	255957
260014	118	S33_2	FALSE	18	4057	.	.	263759	255957
260153	216	S33_2	FALSE	17	4196	.	.	263759	255957
260407	293	S33_2	FALSE	20	4450	.	.	263759	255957
260720	286	S33_2	FALSE	20	4763	.	.	263759	255957
261038	190	S33_2	FALSE	22	5081	.	.	263759	255957
261247	174	S33_2	FALSE	22	5290	.	.	263759	255957
261450	230	S33_2	FALSE	24	5493	.	.	263759	255957
261706	209	S33_2	FALSE	25	5749	.	.	263759	255957
261938	372	S33_2	FALSE	26	5981	.	.	263759	255957
262351	236	S33_2	FALSE	17	6394	.	.	263759	255957
262607	425	S33_2	FALSE	16	6650	.	.	263759	255957
263060	261	S33_2	FALSE	19	7103	.	.	263759	255957
263341	316	S33_2	FALSE	18	7384	.	.	263759	255957
263695	170	S33_2	FALSE	20	7738	.	.	263759	255957
263888	284	S33_2	FALSE	20	7931	.	.	263759	255957
264211	117	S33_2	FALSE	17	8254	.	.	263759	255957
#VALUE!	36	S33_2	FALSE	.	7	.	.	.	.
#VALUE!	26	S33_2	FALSE	.	68	.	.	.	.
264781	104	S33_2	FALSE	20	0	.	.	273210	264781
264919	216	S33_2	FALSE	22	138	.	.	273210	264781
265175	309	S33_2	FALSE	2	394	.	.	273210	264781
265499	261	S33_2	FALSE	1	718	.	.	273210	264781
265781	296	S33_2	FALSE	3	1000	.	.	273210	264781
266099	253	S33_2	FALSE	3	1318	.	.	273210	264781
266530	129	S33_2	FALSE	3	1749	.	.	273210	264781
266686	249	S33_2	FALSE	4	1905	.	.	273210	264781
266961	211	S33_2	FALSE	5	2180	.	.	273210	264781
267197	226	S33_2	FALSE	6	2416	.	.	273210	264781
267449	309	S33_2	FALSE	7	2668	.	.	273210	264781
267782	225	S33_2	FALSE	8	3001	.	.	273210	264781
268033	211	S33_2	FALSE	10	3252	.	.	273210	264781
268315	102	S33_2	FALSE	.	3534	.	.	273210	264781
268438	179	S33_2	FALSE	12	3657	.	.	273210	264781
268642	205	S33_2	FALSE	14	3861	.	.	273210	264781
268868	293	S33_2	FALSE	.	4087	.	.	273210	264781
269191	230	S33_2	FALSE	17	4410	.	.	273210	264781
269439	177	S33_2	FALSE	16	4658	.	.	273210	264781
269651	107	S33_2	FALSE	17	4870	.	.	273210	264781
269809	92	S33_2	FALSE	20	5028	.	.	273210	264781
269937	190	S33_2	FALSE	19	5156	.	.	273210	264781
270153	272	S33_2	FALSE	20	5372	.	.	273210	264781
270451	199	S33_2	FALSE	22	5670	.	.	273210	264781
270673	194	S33_2	FALSE	23	5892	.	.	273210	264781
270904	220	S33_2	FALSE	25	6123	.	.	273210	264781
271144	140	S33_2	FALSE	25	6363	.	.	273210	264781
271343	213	S33_2	FALSE	28	6562	.	.	273210	264781
271577	203	S33_2	FALSE	27	6796	.	.	273210	264781
271807	216	S33_2	FALSE	29	7026	.	.	273210	264781
272050	262	S33_2	FALSE	30	7269	.	.	273210	264781
272337	302	S33_2	FALSE	31	7556	.	.	273210	264781
272685	180	S33_2	FALSE	19	7904	.	.	273210	264781
272886	559	S33_2	FALSE	18	8105	.	.	273210	264781
273467	313	S33_2	FALSE	19	8686	.	.	273210	264781
#VALUE!	34	S33_2	FALSE	.	7	.	.	.	.
#VALUE!	34	S33_2	FALSE	.	60	.	.	.	.
274255	232	S33_2	FALSE	2	0	.	.	283551	274255
274514	183	S33_2	FALSE	1	259	.	.	283551	274255
274836	158	S33_2	FALSE	1	581	.	.	283551	274255
275016	195	S33_2	FALSE	2	761	.	.	283551	274255
275231	215	S33_2	FALSE	2	976	.	.	283551	274255
275484	241	S33_2	FALSE	1	1229	.	.	283551	274255
275750	111	S33_2	FALSE	2	1495	.	.	283551	274255
275887	258	S33_2	FALSE	1	1632	.	.	283551	274255
276168	243	S33_2	FALSE	2	1913	.	.	283551	274255
276449	330	S33_2	FALSE	4	2194	.	.	283551	274255
276822	322	S33_2	FALSE	6	2567	.	.	283551	274255
277180	253	S33_2	FALSE	7	2925	.	.	283551	274255
277460	254	S33_2	FALSE	9	3205	.	.	283551	274255
277735	62	S33_2	FALSE	10	3480	.	.	283551	274255
277833	273	S33_2	FALSE	12	3578	.	.	283551	274255
278216	107	S33_2	FALSE	15	3961	.	.	283551	274255
278342	376	S33_2	FALSE	14	4087	.	.	283551	274255
278751	167	S33_2	FALSE	15	4496	.	.	283551	274255
278942	268	S33_2	FALSE	17	4687	.	.	283551	274255
279233	247	S33_2	FALSE	19	4978	.	.	283551	274255
279501	199	S33_2	FALSE	20	5246	.	.	283551	274255
279728	227	S33_2	FALSE	18	5473	.	.	283551	274255
279996	177	S33_2	FALSE	22	5741	.	.	283551	274255
280184	177	S33_2	FALSE	22	5929	.	.	283551	274255
280397	237	S33_2	FALSE	23	6142	.	.	283551	274255
280660	337	S33_2	FALSE	.	6405	.	.	283551	274255
281017	134	S33_2	FALSE	26	6762	.	.	283551	274255
281201	163	S33_2	FALSE	28	6946	.	.	283551	274255
281379	155	S33_2	FALSE	28	7124	.	.	283551	274255
281575	310	S33_2	FALSE	30	7320	.	.	283551	274255
281911	274	S33_2	FALSE	31	7656	.	.	283551	274255
282212	236	S33_2	FALSE	32	7957	.	.	283551	274255
282468	69	S33_2	FALSE	34	8213	.	.	283551	274255
282593	156	S33_2	FALSE	22	8338	.	.	283551	274255
282768	238	S33_2	FALSE	21	8513	.	.	283551	274255
283034	350	S33_2	FALSE	23	8779	.	.	283551	274255
283420	253	S33_2	FALSE	24	9165	.	.	283551	274255
283701	272	S33_2	FALSE	22	9446	.	.	283551	274255
283996	136	S33_2	FALSE	.	9741	.	.	283551	274255
#VALUE!	83	S33_2	FALSE	.	7	.	.	.	.
284597	70	S33_2	FALSE	20	0	.	.	297210	284597
284686	201	S33_2	FALSE	14	89	.	.	297210	284597
285000	356	S33_2	FALSE	1	403	.	.	297210	284597
285380	195	S33_2	FALSE	3	783	.	.	297210	284597
285598	237	S33_2	FALSE	4	1001	.	.	297210	284597
285860	225	S33_2	FALSE	5	1263	.	.	297210	284597
286111	294	S33_2	FALSE	7	1514	.	.	297210	284597
286431	294	S33_2	FALSE	9	1834	.	.	297210	284597
286750	217	S33_2	FALSE	10	2153	.	.	297210	284597
286989	168	S33_2	FALSE	12	2392	.	.	297210	284597
287179	151	S33_2	FALSE	13	2582	.	.	297210	284597
287446	102	S33_2	FALSE	15	2849	.	.	297210	284597
287569	144	S33_2	FALSE	15	2972	.	.	297210	284597
287742	289	S33_2	FALSE	16	3145	.	.	297210	284597
288064	295	S33_2	FALSE	17	3467	.	.	297210	284597
288381	213	S33_2	FALSE	18	3784	.	.	297210	284597
288616	74	S33_2	FALSE	19	4019	.	.	297210	284597
288747	241	S33_2	FALSE	21	4150	.	.	297210	284597
289015	253	S33_2	FALSE	22	4418	.	.	297210	284597
289296	467	S33_2	FALSE	23	4699	.	.	297210	284597
289792	147	S33_2	FALSE	24	5195	.	.	297210	284597
289973	202	S33_2	FALSE	26	5376	.	.	297210	284597
290221	141	S33_2	FALSE	28	5624	.	.	297210	284597
290384	205	S33_2	FALSE	28	5787	.	.	297210	284597
290615	286	S33_2	FALSE	29	6018	.	.	297210	284597
290930	320	S33_2	FALSE	30	6333	.	.	297210	284597
291274	133	S33_2	FALSE	31	6677	.	.	297210	284597
291435	166	S33_2	FALSE	32	6838	.	.	297210	284597
291619	210	S33_2	FALSE	32	7022	.	.	297210	284597
291856	247	S33_2	FALSE	31	7259	.	.	297210	284597
292131	286	S33_2	FALSE	32	7534	.	.	297210	284597
292435	434	S33_2	FALSE	32	7838	.	.	297210	284597
293010	114	S33_2	FALSE	22	8413	.	.	297210	284597
293150	155	S33_2	FALSE	29	8553	.	.	297210	284597
293336	208	S33_2	FALSE	.	8739	.	.	297210	284597
293569	238	S33_2	FALSE	28	8972	.	.	297210	284597
293830	121	S33_2	FALSE	.	9233	.	.	297210	284597
293978	253	S33_2	FALSE	21	9381	.	.	297210	284597
294260	343	S33_2	FALSE	22	9663	.	.	297210	284597
294638	264	S33_2	FALSE	24	10041	.	.	297210	284597
294925	174	S33_2	FALSE	24	10328	.	.	297210	284597
295127	454	S33_2	FALSE	26	10530	.	.	297210	284597
295603	125	S33_2	FALSE	25	11006	.	.	297210	284597
295777	244	S33_2	FALSE	21	11180	.	.	297210	284597
296045	325	S33_2	FALSE	.	11448	.	.	297210	284597
296587	122	S33_2	FALSE	24	11990	.	.	297210	284597
296731	165	S33_2	FALSE	26	12134	.	.	297210	284597
296956	112	S33_2	FALSE	28	12359	.	.	297210	284597
297090	286	S33_2	FALSE	27	12493	.	.	297210	284597
297404	358	S33_2	FALSE	29	12807	.	.	297210	284597
#VALUE!	87	S33_2	FALSE	.	7	.	.	.	.
298258	110	S33_2	FALSE	.	0	.	.	308782	298258
298392	63	S33_2	FALSE	32	134	.	.	308782	298258
298496	145	S33_2	FALSE	14	238	.	.	308782	298258
298668	144	S33_2	FALSE	1	410	.	.	308782	298258
298824	183	S33_2	FALSE	1	566	.	.	308782	298258
299030	212	S33_2	FALSE	3	772	.	.	308782	298258
299266	200	S33_2	FALSE	4	1008	.	.	308782	298258
299500	294	S33_2	FALSE	5	1242	.	.	308782	298258
299820	196	S33_2	FALSE	7	1562	.	.	308782	298258
300027	289	S33_2	FALSE	7	1769	.	.	308782	298258
300352	320	S33_2	FALSE	8	2094	.	.	308782	298258
300698	485	S33_2	FALSE	9	2440	.	.	308782	298258
301221	175	S33_2	FALSE	11	2963	.	.	308782	298258
301427	217	S33_2	FALSE	9	3169	.	.	308782	298258
301680	364	S33_2	FALSE	11	3422	.	.	308782	298258
302079	207	S33_2	FALSE	11	3821	.	.	308782	298258
302436	101	S33_2	FALSE	14	4178	.	.	308782	298258
302554	144	S33_2	FALSE	3	4296	.	.	308782	298258
302713	190	S33_2	FALSE	.	4455	.	.	308782	298258
302927	181	S33_2	FALSE	15	4669	.	.	308782	298258
303146	253	S33_2	FALSE	16	4888	.	.	308782	298258
303428	227	S33_2	FALSE	17	5170	.	.	308782	298258
303663	45	S33_2	FALSE	17	5405	.	.	308782	298258
303733	198	S33_2	FALSE	18	5475	.	.	308782	298258
303953	170	S33_2	FALSE	19	5695	.	.	308782	298258
304174	325	S33_2	FALSE	21	5916	.	.	308782	298258
304532	641	S33_2	FALSE	23	6274	.	.	308782	298258
305192	206	S33_2	FALSE	15	6934	.	.	308782	298258
305416	622	S33_2	FALSE	23	7158	.	.	308782	298258
306063	137	S33_2	FALSE	22	7805	.	.	308782	298258
306220	76	S33_2	FALSE	14	7962	.	.	308782	298258
306319	127	S33_2	FALSE	13	8061	.	.	308782	298258
306481	216	S33_2	FALSE	22	8223	.	.	308782	298258
306721	107	S33_2	FALSE	23	8463	.	.	308782	298258
306856	345	S33_2	FALSE	24	8598	.	.	308782	298258
307252	282	S33_2	FALSE	28	8994	.	.	308782	298258
307561	269	S33_2	FALSE	30	9303	.	.	308782	298258
307851	238	S33_2	FALSE	30	9593	.	.	308782	298258
308117	286	S33_2	FALSE	32	9859	.	.	308782	298258
308431	199	S33_2	FALSE	32	10173	.	.	308782	298258
308654	99	S33_2	FALSE	33	10396	.	.	308782	298258
308808	83	S33_2	FALSE	21	10550	.	.	308782	298258
308915	443	S33_2	FALSE	13	10657	.	.	308782	298258
